sequences,Intensity
RQIKIWFQNRRMKWKK2KRVKAGYLLGKINLKALAALAKKIL3GRPRESGKKRKRKRLKP,6.233553289
RQIKIWFQNRRMKWKK2KRVKAGYLLGKINLKALAALAKKIL3KKYRGRKRHPR,4.726654669
RQIKIWFQNRRMKWKK2KRVKAGYLLGKINLKALAALAKKIL3GRKAARAPGRRKQ,4.385522895
RQIKIWFQNRRMKWKK2KRVKAGYLLGKINLKALAALAKKIL3RRRRRRRRRRRR,10.01759648
RQIKIWFQNRRMKWKK2KRVKAGYLLGKINLKALAALAKKIL3CRRRRRRRRRRRRC,10.53469306
RQIKIWFQNRRMKWKK2KRVKAGYLLGKINLKALAALAKKIL3CRRRRRRCRRRRRR,6.123375325
RQIKIWFQNRRMKWKK2KRVKAGYLLGKINLKALAALAKKIL3RRRRRRCRRRRRRC,7.467106579
RQIKIWFQNRRMKWKK2KRVKAGYLLGKINLKALAALAKKIL3CRRRRRRCRRRRRRC,9.016396721
RQIKIWFQNRRMKWKK2KRVKAGYLLGKINLKALAALAKKIL3CRRRRRRCCRRRRRRC,12.47930414
RQIKIWFQNRRMKWKK2KRVKAGYLLGKINLKALAALAKKIL3RXRRBRRXRRBR,9.390521896
RQIKIWFQNRRMKWKK2KRVKAGYLLGKINLKALAALAKKIL3CRXRRBRRXRRBRC,0.448510298
RQIKIWFQNRRMKWKK2KRVKAGYLLGKINLKALAALAKKIL3RXRRBRCRXRRBRC,10.82083583
RQIKIWFQNRRMKWKK2KRVKAGYLLGKINLKALAALAKKIL3RQIKIWFQNRRMKWKK,5.876424715
RQIKIWFQNRRMKWKK2KRVKAGYLLGKINLKALAALAKKIL3CQIKIWFCNKRAKIKK,2.99240152
RQIKIWFQNRRMKWKK2KRVKAGYLLGKINLKALAALAKKIL3SQIKIWFQCKRAKIKC,1.624875025
RQIKIWFQNRRMKWKK2KRVKAGYLLGKINLKALAALAKKIL3CSQIKIWFQNKRAKIKKC,3.479304139
RQIKIWFQNRRMKWKK2KRVKAGYLLGKINLKALAALAKKIL3LLIILRRRIRKQAHAHSK,3.160167966
RQIKIWFQNRRMKWKK2KRVKAGYLLGKINLKALAALAKKIL3LLIILRRRIRKQAHAHSKRXRRBRRXRRBR,14.76684663
RQIKIWFQNRRMKWKK2KRVKAGYLLGKINLKALAALAKKIL3CRLRWRC,6.318136373
RQIKIWFQNRRMKWKK2KRVKAGYLLGKINLKALAALAKKIL3IWIAQELRRIGDEFNAYYARR,1.460707858
RQIKIWFQNRRMKWKK2KRVKAGYLLGKINLKALAALAKKIL3RRIRPRPPRLPRPRPRPLPFPRPG,7.857228554
RQIKIWFQNRRMKWKK2KRVKAGYLLGKINLKALAALAKKIL3TRSSRAGLQWPVGRVHRLLRK,7.481303739
RQIKIWFQNRRMKWKK2KRVKAGYLLGKINLKALAALAKKIL3RGGRLSYSRRRFSTSTGR,4.596880624
RQIKIWFQNRRMKWKK2KRVKAGYLLGKINLKALAALAKKIL3ALWKTLLKKVLKAPKKKRKV,2.457508498
RQIKIWFQNRRMKWKK2KRVKAGYLLGKINLKALAALAKKIL3KLIKGRTPIKFGKADCDRPPKHSQNGMGK,1.99260148
RQIKIWFQNRRMKWKK2KRVKAGYLLGKINLKALAALAKKIL3PLSSIFSRIGDP,0.821435713
RQIKIWFQNRRMKWKK2KRVKAGYLLGKINLKALAALAKKIL3KLALKALKALKAALKLA,2.404719056
RQIKIWFQNRRMKWKK2KRVKAGYLLGKINLKALAALAKKIL3RRWWRRWRR,8.824635073
RQIKIWFQNRRMKWKK2KRVKAGYLLGKINLKALAALAKKIL3LKTLTETLKELTKTLTEL,2.053189362
RQIKIWFQNRRMKWKK2KRVKAGYLLGKINLKALAALAKKIL3VRLPPPVRLPPPVRLPPP,0.556088782
RQIKIWFQNRRMKWKK2KRVKAGYLLGKINLKALAALAKKIL3FKIYDKKVRTRVVKH,0.455308938
RQIKIWFQNRRMKWKK2KRVKAGYLLGKINLKALAALAKKIL3KGTYKKKLMRIPLKGT,5.075784843
RQIKIWFQNRRMKWKK2KRVKAGYLLGKINLKALAALAKKIL3LYKKGPAKKGRPPLRGWFH,6.585282943
RQIKIWFQNRRMKWKK2KRVKAGYLLGKINLKALAALAKKIL3IAWVKAFIRKLRKGPLG,2.037992402
RQIKIWFQNRRMKWKK2KRVKAGYLLGKINLKALAALAKKIL3GSPWGLQHHPPRT,1.543091382
RQIKIWFQNRRMKWKK2KRVKAGYLLGKINLKALAALAKKIL3RQVTIWSQNRRVKSKK,3.872025595
RQIKIWFQNRRMKWKK2KRVKAGYLLGKINLKALAALAKKIL3VSALK,0.628474305
RQIKIWFQNRRMKWKK2KRVKAGYLLGKINLKALAALAKKIL3PPRPPRPPR,2.515296941
RQIKIWFQNRRMKWKK2KRVKAGYLLGKINLKALAALAKKIL3PPRPPRPPRPPR,2.595880824
RQIKIWFQNRRMKWKK2KRVKAGYLLGKINLKALAALAKKIL3RLRWR,4.603479304
RQIKIWFQNRRMKWKK2KRVKAGYLLGKINLKALAALAKKIL3GAYDLRRRERQSRLRRRERQSR,3.317736453
RQIKIWFQNRRMKWKK2KRVKAGYLLGKINLKALAALAKKIL3RKKRRQRRR,6.059188162
RQIKIWFQNRRMKWKK2KRVKAGYLLGKINLKALAALAKKIL3RQIKIWFQNRRMKWKK,2.879424115
RQIKIWFQNRRMKWKK2KRVKAGYLLGKINLKALAALAKKIL3RRRRRRRRR,5.406918616
RQIKIWFQNRRMKWKK2KRVKAGYLLGKINLKALAALAKKIL3RSVTIWFQSRRVKEKK,1.298340332
RQIKIWFQNRRMKWKK2KRVKAGYLLGKINLKALAALAKKIL3KRVKAGYLLGKINLKALAALAKKIL,2.417916417
RQIKIWFQNRRMKWKK2KRVKAGYLLGKINLKALAALAKKIL3AGYLLGKINLKALAALAKKILKRVK,3.162767447
RQIKIWFQNRRMKWKK2KRVKAGYLLGKINLKALAALAKKIL3PKKKRKVAGYLLGKINLKALAALAKKIL,4.437912418
RQIKIWFQNRRMKWKK2PKKKRKVAGYLLGKINLKALAALAKKIL3GRPRESGKKRKRKRLKP,5.679264147
RQIKIWFQNRRMKWKK2PKKKRKVAGYLLGKINLKALAALAKKIL3KKYRGRKRHPR,6.404919016
RQIKIWFQNRRMKWKK2PKKKRKVAGYLLGKINLKALAALAKKIL3GRKAARAPGRRKQ,9.470705859
RQIKIWFQNRRMKWKK2PKKKRKVAGYLLGKINLKALAALAKKIL3RRRRRRRRRRRR,5.471305739
RQIKIWFQNRRMKWKK2PKKKRKVAGYLLGKINLKALAALAKKIL3CRRRRRRRRRRRRC,10.40631874
RQIKIWFQNRRMKWKK2PKKKRKVAGYLLGKINLKALAALAKKIL3CRRRRRRCRRRRRR,2.630473905
RQIKIWFQNRRMKWKK2PKKKRKVAGYLLGKINLKALAALAKKIL3RRRRRRCRRRRRRC,8.457508498
RQIKIWFQNRRMKWKK2PKKKRKVAGYLLGKINLKALAALAKKIL3CRRRRRRCRRRRRRC,10.37212557
RQIKIWFQNRRMKWKK2PKKKRKVAGYLLGKINLKALAALAKKIL3CRRRRRRCCRRRRRRC,14.21015797
RQIKIWFQNRRMKWKK2PKKKRKVAGYLLGKINLKALAALAKKIL3RXRRBRRXRRBR,10.83523295
RQIKIWFQNRRMKWKK2PKKKRKVAGYLLGKINLKALAALAKKIL3CRXRRBRRXRRBRC,11.89742052
RQIKIWFQNRRMKWKK2PKKKRKVAGYLLGKINLKALAALAKKIL3RXRRBRCRXRRBRC,11.18676265
RQIKIWFQNRRMKWKK2PKKKRKVAGYLLGKINLKALAALAKKIL3RQIKIWFQNRRMKWKK,6.576484703
RQIKIWFQNRRMKWKK2PKKKRKVAGYLLGKINLKALAALAKKIL3CQIKIWFCNKRAKIKK,4.942611478
RQIKIWFQNRRMKWKK2PKKKRKVAGYLLGKINLKALAALAKKIL3SQIKIWFQCKRAKIKC,3.0059988
RQIKIWFQNRRMKWKK2PKKKRKVAGYLLGKINLKALAALAKKIL3CSQIKIWFQNKRAKIKKC,3.737252549
RQIKIWFQNRRMKWKK2PKKKRKVAGYLLGKINLKALAALAKKIL3LLIILRRRIRKQAHAHSK,7.816636673
RQIKIWFQNRRMKWKK2PKKKRKVAGYLLGKINLKALAALAKKIL3LLIILRRRIRKQAHAHSKRXRRBRRXRRBR,15.75124975
RQIKIWFQNRRMKWKK2PKKKRKVAGYLLGKINLKALAALAKKIL3CRLRWRC,4.107778444
RQIKIWFQNRRMKWKK2PKKKRKVAGYLLGKINLKALAALAKKIL3IWIAQELRRIGDEFNAYYARR,3.859628074
RQIKIWFQNRRMKWKK2PKKKRKVAGYLLGKINLKALAALAKKIL3RRIRPRPPRLPRPRPRPLPFPRPG,7.423515297
RQIKIWFQNRRMKWKK2PKKKRKVAGYLLGKINLKALAALAKKIL3TRSSRAGLQWPVGRVHRLLRK,14.51269746
RQIKIWFQNRRMKWKK2PKKKRKVAGYLLGKINLKALAALAKKIL3RGGRLSYSRRRFSTSTGR,5.809638072
RQIKIWFQNRRMKWKK2PKKKRKVAGYLLGKINLKALAALAKKIL3ALWKTLLKKVLKAPKKKRKV,2.170165967
RQIKIWFQNRRMKWKK2PKKKRKVAGYLLGKINLKALAALAKKIL3KLIKGRTPIKFGKADCDRPPKHSQNGMGK,3.138372326
RQIKIWFQNRRMKWKK2PKKKRKVAGYLLGKINLKALAALAKKIL3PLSSIFSRIGDP,2.49230154
RQIKIWFQNRRMKWKK2PKKKRKVAGYLLGKINLKALAALAKKIL3KLALKALKALKAALKLA,3.043191362
RQIKIWFQNRRMKWKK2PKKKRKVAGYLLGKINLKALAALAKKIL3RRWWRRWRR,7.371125775
RQIKIWFQNRRMKWKK2PKKKRKVAGYLLGKINLKALAALAKKIL3LKTLTETLKELTKTLTEL,5.032593481
RQIKIWFQNRRMKWKK2PKKKRKVAGYLLGKINLKALAALAKKIL3VRLPPPVRLPPPVRLPPP,3.216556689
RQIKIWFQNRRMKWKK2PKKKRKVAGYLLGKINLKALAALAKKIL3FKIYDKKVRTRVVKH,2.141771646
RQIKIWFQNRRMKWKK2PKKKRKVAGYLLGKINLKALAALAKKIL3KGTYKKKLMRIPLKGT,8.357128574
RQIKIWFQNRRMKWKK2PKKKRKVAGYLLGKINLKALAALAKKIL3LYKKGPAKKGRPPLRGWFH,7.117976405
RQIKIWFQNRRMKWKK2PKKKRKVAGYLLGKINLKALAALAKKIL3IAWVKAFIRKLRKGPLG,2.872425515
RQIKIWFQNRRMKWKK2PKKKRKVAGYLLGKINLKALAALAKKIL3GSPWGLQHHPPRT,2.964207159
RQIKIWFQNRRMKWKK2PKKKRKVAGYLLGKINLKALAALAKKIL3RQVTIWSQNRRVKSKK,4.75644871
RQIKIWFQNRRMKWKK2PKKKRKVAGYLLGKINLKALAALAKKIL3VSALK,2.430913817
RQIKIWFQNRRMKWKK2PKKKRKVAGYLLGKINLKALAALAKKIL3PPRPPRPPR,4.559488102
RQIKIWFQNRRMKWKK2PKKKRKVAGYLLGKINLKALAALAKKIL3PPRPPRPPRPPR,6.00779844
RQIKIWFQNRRMKWKK2PKKKRKVAGYLLGKINLKALAALAKKIL3RLRWR,6.925214957
RQIKIWFQNRRMKWKK2PKKKRKVAGYLLGKINLKALAALAKKIL3GAYDLRRRERQSRLRRRERQSR,3.617476505
RQIKIWFQNRRMKWKK2PKKKRKVAGYLLGKINLKALAALAKKIL3RKKRRQRRR,4.25354929
RQIKIWFQNRRMKWKK2PKKKRKVAGYLLGKINLKALAALAKKIL3RQIKIWFQNRRMKWKK,4.629874025
RQIKIWFQNRRMKWKK2PKKKRKVAGYLLGKINLKALAALAKKIL3RRRRRRRRR,3.808038392
RQIKIWFQNRRMKWKK2PKKKRKVAGYLLGKINLKALAALAKKIL3RSVTIWFQSRRVKEKK,2.194561088
RQIKIWFQNRRMKWKK2PKKKRKVAGYLLGKINLKALAALAKKIL3KRVKAGYLLGKINLKALAALAKKIL,4.053589282
RQIKIWFQNRRMKWKK2PKKKRKVAGYLLGKINLKALAALAKKIL3AGYLLGKINLKALAALAKKILKRVK,3.413317337
RQIKIWFQNRRMKWKK2PKKKRKVAGYLLGKINLKALAALAKKIL3PKKKRKVAGYLLGKINLKALAALAKKIL,3.682663467
RQIKIWFQNRRMKWKK2SDGTLAVPFKA3GRPRESGKKRKRKRLKP,3.25414917
RQIKIWFQNRRMKWKK2SDGTLAVPFKA3KKYRGRKRHPR,2.364927015
RQIKIWFQNRRMKWKK2SDGTLAVPFKA3GRKAARAPGRRKQ,3.065186963
RQIKIWFQNRRMKWKK2SDGTLAVPFKA3RRRRRRRRRRRR,5.461907618
RQIKIWFQNRRMKWKK2SDGTLAVPFKA3CRRRRRRRRRRRRC,3.452109578
RQIKIWFQNRRMKWKK2SDGTLAVPFKA3CRRRRRRCRRRRRR,4.304739052
RQIKIWFQNRRMKWKK2SDGTLAVPFKA3RRRRRRCRRRRRRC,2.764847031
RQIKIWFQNRRMKWKK2SDGTLAVPFKA3CRRRRRRCRRRRRRC,2.028394321
RQIKIWFQNRRMKWKK2SDGTLAVPFKA3CRRRRRRCCRRRRRRC,2.973605279
RQIKIWFQNRRMKWKK2SDGTLAVPFKA3RXRRBRRXRRBR,5.814637073
RQIKIWFQNRRMKWKK2SDGTLAVPFKA3CRXRRBRRXRRBRC,10.33793241
RQIKIWFQNRRMKWKK2SDGTLAVPFKA3RXRRBRCRXRRBRC,8.576884623
RQIKIWFQNRRMKWKK2SDGTLAVPFKA3RQIKIWFQNRRMKWKK,3.719256149
RQIKIWFQNRRMKWKK2SDGTLAVPFKA3CQIKIWFCNKRAKIKK,2.370525895
RQIKIWFQNRRMKWKK2SDGTLAVPFKA3SQIKIWFQCKRAKIKC,1.415116977
RQIKIWFQNRRMKWKK2SDGTLAVPFKA3CSQIKIWFQNKRAKIKKC,1.4955009
RQIKIWFQNRRMKWKK2SDGTLAVPFKA3LLIILRRRIRKQAHAHSK,1.958408318
RQIKIWFQNRRMKWKK2SDGTLAVPFKA3LLIILRRRIRKQAHAHSKRXRRBRRXRRBR,5.411517696
RQIKIWFQNRRMKWKK2SDGTLAVPFKA3CRLRWRC,1.449710058
RQIKIWFQNRRMKWKK2SDGTLAVPFKA3IWIAQELRRIGDEFNAYYARR,1.164967007
RQIKIWFQNRRMKWKK2SDGTLAVPFKA3RRIRPRPPRLPRPRPRPLPFPRPG,5.663267347
RQIKIWFQNRRMKWKK2SDGTLAVPFKA3TRSSRAGLQWPVGRVHRLLRK,2.620075985
RQIKIWFQNRRMKWKK2SDGTLAVPFKA3RGGRLSYSRRRFSTSTGR,2.193561288
RQIKIWFQNRRMKWKK2SDGTLAVPFKA3ALWKTLLKKVLKAPKKKRKV,2.631273745
RQIKIWFQNRRMKWKK2SDGTLAVPFKA3KLIKGRTPIKFGKADCDRPPKHSQNGMGK,1.436312737
RQIKIWFQNRRMKWKK2SDGTLAVPFKA3PLSSIFSRIGDP,0.848830234
RQIKIWFQNRRMKWKK2SDGTLAVPFKA3KLALKALKALKAALKLA,3.986202759
RQIKIWFQNRRMKWKK2SDGTLAVPFKA3RRWWRRWRR,3.197560488
RQIKIWFQNRRMKWKK2SDGTLAVPFKA3LKTLTETLKELTKTLTEL,1.175364927
RQIKIWFQNRRMKWKK2SDGTLAVPFKA3VRLPPPVRLPPPVRLPPP,1.598080384
RQIKIWFQNRRMKWKK2SDGTLAVPFKA3FKIYDKKVRTRVVKH,1.206558688
RQIKIWFQNRRMKWKK2SDGTLAVPFKA3KGTYKKKLMRIPLKGT,5.151769646
RQIKIWFQNRRMKWKK2SDGTLAVPFKA3LYKKGPAKKGRPPLRGWFH,2.180563887
RQIKIWFQNRRMKWKK2SDGTLAVPFKA3IAWVKAFIRKLRKGPLG,1.534093181
RQIKIWFQNRRMKWKK2SDGTLAVPFKA3GSPWGLQHHPPRT,2.785042991
RQIKIWFQNRRMKWKK2SDGTLAVPFKA3RQVTIWSQNRRVKSKK,1.958808238
RQIKIWFQNRRMKWKK2SDGTLAVPFKA3VSALK,1.108578284
RQIKIWFQNRRMKWKK2SDGTLAVPFKA3PPRPPRPPR,1.51009798
RQIKIWFQNRRMKWKK2SDGTLAVPFKA3PPRPPRPPRPPR,1.595480904
RQIKIWFQNRRMKWKK2SDGTLAVPFKA3RLRWR,1.851029794
RQIKIWFQNRRMKWKK2SDGTLAVPFKA3GAYDLRRRERQSRLRRRERQSR,1.782443511
RQIKIWFQNRRMKWKK2SDGTLAVPFKA3RKKRRQRRR,4.267546491
RQIKIWFQNRRMKWKK2SDGTLAVPFKA3RQIKIWFQNRRMKWKK,1.919416117
RQIKIWFQNRRMKWKK2SDGTLAVPFKA3RRRRRRRRR,3.797040592
RQIKIWFQNRRMKWKK2SDGTLAVPFKA3RSVTIWFQSRRVKEKK,1.365326935
RQIKIWFQNRRMKWKK2SDGTLAVPFKA3KRVKAGYLLGKINLKALAALAKKIL,1.546090782
RQIKIWFQNRRMKWKK2SDGTLAVPFKA3AGYLLGKINLKALAALAKKILKRVK,2.424515097
RQIKIWFQNRRMKWKK2SDGTLAVPFKA3PKKKRKVAGYLLGKINLKALAALAKKIL,2.645470906
LLIILRRRIRKQAHAHSK2KRVKAGYLLGKINLKALAALAKKIL3GRPRESGKKRKRKRLKP,0.820035993
LLIILRRRIRKQAHAHSK2KRVKAGYLLGKINLKALAALAKKIL3KKYRGRKRHPR,0.903819236
LLIILRRRIRKQAHAHSK2KRVKAGYLLGKINLKALAALAKKIL3GRKAARAPGRRKQ,1.027794441
LLIILRRRIRKQAHAHSK2KRVKAGYLLGKINLKALAALAKKIL3RRRRRRRRRRRR,0.803439312
LLIILRRRIRKQAHAHSK2KRVKAGYLLGKINLKALAALAKKIL3CRRRRRRRRRRRRC,0.832833433
LLIILRRRIRKQAHAHSK2KRVKAGYLLGKINLKALAALAKKIL3CRRRRRRCRRRRRR,0.711457708
LLIILRRRIRKQAHAHSK2KRVKAGYLLGKINLKALAALAKKIL3RRRRRRCRRRRRRC,0.689262148
LLIILRRRIRKQAHAHSK2KRVKAGYLLGKINLKALAALAKKIL3CRRRRRRCRRRRRRC,0.484503099
LLIILRRRIRKQAHAHSK2KRVKAGYLLGKINLKALAALAKKIL3CRRRRRRCCRRRRRRC,1.129974005
LLIILRRRIRKQAHAHSK2KRVKAGYLLGKINLKALAALAKKIL3RXRRBRRXRRBR,1.187162567
LLIILRRRIRKQAHAHSK2KRVKAGYLLGKINLKALAALAKKIL3CRXRRBRRXRRBRC,1.094381124
LLIILRRRIRKQAHAHSK2KRVKAGYLLGKINLKALAALAKKIL3RXRRBRCRXRRBRC,1.167766447
LLIILRRRIRKQAHAHSK2KRVKAGYLLGKINLKALAALAKKIL3RQIKIWFQNRRMKWKK,0.703659268
LLIILRRRIRKQAHAHSK2KRVKAGYLLGKINLKALAALAKKIL3CQIKIWFCNKRAKIKK,0.649870026
LLIILRRRIRKQAHAHSK2KRVKAGYLLGKINLKALAALAKKIL3SQIKIWFQCKRAKIKC,0.944811038
LLIILRRRIRKQAHAHSK2KRVKAGYLLGKINLKALAALAKKIL3CSQIKIWFQNKRAKIKKC,0.660867826
LLIILRRRIRKQAHAHSK2KRVKAGYLLGKINLKALAALAKKIL3LLIILRRRIRKQAHAHSK,0.99660068
LLIILRRRIRKQAHAHSK2KRVKAGYLLGKINLKALAALAKKIL3LLIILRRRIRKQAHAHSKRXRRBRRXRRBR,2.543491302
LLIILRRRIRKQAHAHSK2KRVKAGYLLGKINLKALAALAKKIL3CRLRWRC,0.930013997
LLIILRRRIRKQAHAHSK2KRVKAGYLLGKINLKALAALAKKIL3IWIAQELRRIGDEFNAYYARR,0.722255549
LLIILRRRIRKQAHAHSK2KRVKAGYLLGKINLKALAALAKKIL3RRIRPRPPRLPRPRPRPLPFPRPG,0.971205759
LLIILRRRIRKQAHAHSK2KRVKAGYLLGKINLKALAALAKKIL3TRSSRAGLQWPVGRVHRLLRK,1.089982004
LLIILRRRIRKQAHAHSK2KRVKAGYLLGKINLKALAALAKKIL3RGGRLSYSRRRFSTSTGR,0.867426515
LLIILRRRIRKQAHAHSK2KRVKAGYLLGKINLKALAALAKKIL3ALWKTLLKKVLKAPKKKRKV,0.561687662
LLIILRRRIRKQAHAHSK2KRVKAGYLLGKINLKALAALAKKIL3KLIKGRTPIKFGKADCDRPPKHSQNGMGK,0.594681064
LLIILRRRIRKQAHAHSK2KRVKAGYLLGKINLKALAALAKKIL3PLSSIFSRIGDP,0.74025195
LLIILRRRIRKQAHAHSK2KRVKAGYLLGKINLKALAALAKKIL3KLALKALKALKAALKLA,1.025594881
LLIILRRRIRKQAHAHSK2KRVKAGYLLGKINLKALAALAKKIL3RRWWRRWRR,0.592081584
LLIILRRRIRKQAHAHSK2KRVKAGYLLGKINLKALAALAKKIL3LKTLTETLKELTKTLTEL,0.825034993
LLIILRRRIRKQAHAHSK2KRVKAGYLLGKINLKALAALAKKIL3VRLPPPVRLPPPVRLPPP,0.385722855
LLIILRRRIRKQAHAHSK2KRVKAGYLLGKINLKALAALAKKIL3FKIYDKKVRTRVVKH,0.314537093
LLIILRRRIRKQAHAHSK2KRVKAGYLLGKINLKALAALAKKIL3KGTYKKKLMRIPLKGT,1.052389522
LLIILRRRIRKQAHAHSK2KRVKAGYLLGKINLKALAALAKKIL3LYKKGPAKKGRPPLRGWFH,1.176364727
LLIILRRRIRKQAHAHSK2KRVKAGYLLGKINLKALAALAKKIL3IAWVKAFIRKLRKGPLG,0.661267746
LLIILRRRIRKQAHAHSK2KRVKAGYLLGKINLKALAALAKKIL3GSPWGLQHHPPRT,1.082783443
LLIILRRRIRKQAHAHSK2KRVKAGYLLGKINLKALAALAKKIL3RQVTIWSQNRRVKSKK,0.339332134
LLIILRRRIRKQAHAHSK2KRVKAGYLLGKINLKALAALAKKIL3VSALK,1.341731654
LLIILRRRIRKQAHAHSK2KRVKAGYLLGKINLKALAALAKKIL3PPRPPRPPR,1.094181164
LLIILRRRIRKQAHAHSK2KRVKAGYLLGKINLKALAALAKKIL3PPRPPRPPRPPR,0.976204759
LLIILRRRIRKQAHAHSK2KRVKAGYLLGKINLKALAALAKKIL3RLRWR,0.798840232
LLIILRRRIRKQAHAHSK2KRVKAGYLLGKINLKALAALAKKIL3GAYDLRRRERQSRLRRRERQSR,0.685662867
LLIILRRRIRKQAHAHSK2KRVKAGYLLGKINLKALAALAKKIL3RKKRRQRRR,0.736452709
LLIILRRRIRKQAHAHSK2KRVKAGYLLGKINLKALAALAKKIL3RQIKIWFQNRRMKWKK,0.816436713
LLIILRRRIRKQAHAHSK2KRVKAGYLLGKINLKALAALAKKIL3RRRRRRRRR,0.826234753
LLIILRRRIRKQAHAHSK2KRVKAGYLLGKINLKALAALAKKIL3RSVTIWFQSRRVKEKK,0.99960008
LLIILRRRIRKQAHAHSK2KRVKAGYLLGKINLKALAALAKKIL3KRVKAGYLLGKINLKALAALAKKIL,0.99740052
LLIILRRRIRKQAHAHSK2KRVKAGYLLGKINLKALAALAKKIL3AGYLLGKINLKALAALAKKILKRVK,1.609878024
LLIILRRRIRKQAHAHSK2KRVKAGYLLGKINLKALAALAKKIL3PKKKRKVAGYLLGKINLKALAALAKKIL,1.135572885
LLIILRRRIRKQAHAHSK2PKKKRKVAGYLLGKINLKALAALAKKIL3GRPRESGKKRKRKRLKP,0.692061588
LLIILRRRIRKQAHAHSK2PKKKRKVAGYLLGKINLKALAALAKKIL3KKYRGRKRHPR,0.782243551
LLIILRRRIRKQAHAHSK2PKKKRKVAGYLLGKINLKALAALAKKIL3GRKAARAPGRRKQ,0.855028994
LLIILRRRIRKQAHAHSK2PKKKRKVAGYLLGKINLKALAALAKKIL3RRRRRRRRRRRR,0.934613077
LLIILRRRIRKQAHAHSK2PKKKRKVAGYLLGKINLKALAALAKKIL3CRRRRRRRRRRRRC,0.675064987
LLIILRRRIRKQAHAHSK2PKKKRKVAGYLLGKINLKALAALAKKIL3CRRRRRRCRRRRRR,0.5044991
LLIILRRRIRKQAHAHSK2PKKKRKVAGYLLGKINLKALAALAKKIL3RRRRRRCRRRRRRC,0.74645071
LLIILRRRIRKQAHAHSK2PKKKRKVAGYLLGKINLKALAALAKKIL3CRRRRRRCRRRRRRC,0.675664867
LLIILRRRIRKQAHAHSK2PKKKRKVAGYLLGKINLKALAALAKKIL3CRRRRRRCCRRRRRRC,0.717856429
LLIILRRRIRKQAHAHSK2PKKKRKVAGYLLGKINLKALAALAKKIL3RXRRBRRXRRBR,1.037792442
LLIILRRRIRKQAHAHSK2PKKKRKVAGYLLGKINLKALAALAKKIL3CRXRRBRRXRRBRC,0.719056189
LLIILRRRIRKQAHAHSK2PKKKRKVAGYLLGKINLKALAALAKKIL3RXRRBRCRXRRBRC,0.867426515
LLIILRRRIRKQAHAHSK2PKKKRKVAGYLLGKINLKALAALAKKIL3RQIKIWFQNRRMKWKK,0.547490502
LLIILRRRIRKQAHAHSK2PKKKRKVAGYLLGKINLKALAALAKKIL3CQIKIWFCNKRAKIKK,0.603479304
LLIILRRRIRKQAHAHSK2PKKKRKVAGYLLGKINLKALAALAKKIL3SQIKIWFQCKRAKIKC,0.914617077
LLIILRRRIRKQAHAHSK2PKKKRKVAGYLLGKINLKALAALAKKIL3CSQIKIWFQNKRAKIKKC,0.579884023
LLIILRRRIRKQAHAHSK2PKKKRKVAGYLLGKINLKALAALAKKIL3LLIILRRRIRKQAHAHSK,0.864227155
LLIILRRRIRKQAHAHSK2PKKKRKVAGYLLGKINLKALAALAKKIL3LLIILRRRIRKQAHAHSKRXRRBRRXRRBR,4.089782044
LLIILRRRIRKQAHAHSK2PKKKRKVAGYLLGKINLKALAALAKKIL3CRLRWRC,0.580083983
LLIILRRRIRKQAHAHSK2PKKKRKVAGYLLGKINLKALAALAKKIL3IWIAQELRRIGDEFNAYYARR,0.701059788
LLIILRRRIRKQAHAHSK2PKKKRKVAGYLLGKINLKALAALAKKIL3RRIRPRPPRLPRPRPRPLPFPRPG,1.040591882
LLIILRRRIRKQAHAHSK2PKKKRKVAGYLLGKINLKALAALAKKIL3TRSSRAGLQWPVGRVHRLLRK,1.035592881
LLIILRRRIRKQAHAHSK2PKKKRKVAGYLLGKINLKALAALAKKIL3RGGRLSYSRRRFSTSTGR,0.887422515
LLIILRRRIRKQAHAHSK2PKKKRKVAGYLLGKINLKALAALAKKIL3ALWKTLLKKVLKAPKKKRKV,0.483103379
LLIILRRRIRKQAHAHSK2PKKKRKVAGYLLGKINLKALAALAKKIL3KLIKGRTPIKFGKADCDRPPKHSQNGMGK,0.594281144
LLIILRRRIRKQAHAHSK2PKKKRKVAGYLLGKINLKALAALAKKIL3PLSSIFSRIGDP,0.608678264
LLIILRRRIRKQAHAHSK2PKKKRKVAGYLLGKINLKALAALAKKIL3KLALKALKALKAALKLA,0.641871626
LLIILRRRIRKQAHAHSK2PKKKRKVAGYLLGKINLKALAALAKKIL3RRWWRRWRR,0.542691462
LLIILRRRIRKQAHAHSK2PKKKRKVAGYLLGKINLKALAALAKKIL3LKTLTETLKELTKTLTEL,0.648670266
LLIILRRRIRKQAHAHSK2PKKKRKVAGYLLGKINLKALAALAKKIL3VRLPPPVRLPPPVRLPPP,0.773445311
LLIILRRRIRKQAHAHSK2PKKKRKVAGYLLGKINLKALAALAKKIL3FKIYDKKVRTRVVKH,0.573085383
LLIILRRRIRKQAHAHSK2PKKKRKVAGYLLGKINLKALAALAKKIL3KGTYKKKLMRIPLKGT,0.74105179
LLIILRRRIRKQAHAHSK2PKKKRKVAGYLLGKINLKALAALAKKIL3LYKKGPAKKGRPPLRGWFH,0.713457309
LLIILRRRIRKQAHAHSK2PKKKRKVAGYLLGKINLKALAALAKKIL3IAWVKAFIRKLRKGPLG,0.586082783
LLIILRRRIRKQAHAHSK2PKKKRKVAGYLLGKINLKALAALAKKIL3GSPWGLQHHPPRT,0.651869626
LLIILRRRIRKQAHAHSK2PKKKRKVAGYLLGKINLKALAALAKKIL3RQVTIWSQNRRVKSKK,0.74665067
LLIILRRRIRKQAHAHSK2PKKKRKVAGYLLGKINLKALAALAKKIL3VSALK,0.919016197
LLIILRRRIRKQAHAHSK2PKKKRKVAGYLLGKINLKALAALAKKIL3PPRPPRPPR,0.615076985
LLIILRRRIRKQAHAHSK2PKKKRKVAGYLLGKINLKALAALAKKIL3PPRPPRPPRPPR,1.014997001
LLIILRRRIRKQAHAHSK2PKKKRKVAGYLLGKINLKALAALAKKIL3RLRWR,0.813237353
LLIILRRRIRKQAHAHSK2PKKKRKVAGYLLGKINLKALAALAKKIL3GAYDLRRRERQSRLRRRERQSR,0.74245151
LLIILRRRIRKQAHAHSK2PKKKRKVAGYLLGKINLKALAALAKKIL3RKKRRQRRR,0.663867227
LLIILRRRIRKQAHAHSK2PKKKRKVAGYLLGKINLKALAALAKKIL3RQIKIWFQNRRMKWKK,0.719856029
LLIILRRRIRKQAHAHSK2PKKKRKVAGYLLGKINLKALAALAKKIL3RRRRRRRRR,0.829234153
LLIILRRRIRKQAHAHSK2PKKKRKVAGYLLGKINLKALAALAKKIL3RSVTIWFQSRRVKEKK,0.790241952
LLIILRRRIRKQAHAHSK2PKKKRKVAGYLLGKINLKALAALAKKIL3KRVKAGYLLGKINLKALAALAKKIL,0.838432314
LLIILRRRIRKQAHAHSK2PKKKRKVAGYLLGKINLKALAALAKKIL3AGYLLGKINLKALAALAKKILKRVK,1.132573485
LLIILRRRIRKQAHAHSK2PKKKRKVAGYLLGKINLKALAALAKKIL3PKKKRKVAGYLLGKINLKALAALAKKIL,1.00479904
LLIILRRRIRKQAHAHSK2SDGTLAVPFKA3GRPRESGKKRKRKRLKP,0.871225755
LLIILRRRIRKQAHAHSK2SDGTLAVPFKA3KKYRGRKRHPR,0.706858628
LLIILRRRIRKQAHAHSK2SDGTLAVPFKA3GRKAARAPGRRKQ,0.949610078
LLIILRRRIRKQAHAHSK2SDGTLAVPFKA3RRRRRRRRRRRR,1.072585483
LLIILRRRIRKQAHAHSK2SDGTLAVPFKA3CRRRRRRRRRRRRC,0.601479704
LLIILRRRIRKQAHAHSK2SDGTLAVPFKA3CRRRRRRCRRRRRR,0.587882424
LLIILRRRIRKQAHAHSK2SDGTLAVPFKA3RRRRRRCRRRRRRC,0.418716257
LLIILRRRIRKQAHAHSK2SDGTLAVPFKA3CRRRRRRCRRRRRRC,0.535092981
LLIILRRRIRKQAHAHSK2SDGTLAVPFKA3CRRRRRRCCRRRRRRC,0.731853629
LLIILRRRIRKQAHAHSK2SDGTLAVPFKA3RXRRBRRXRRBR,1.262947411
LLIILRRRIRKQAHAHSK2SDGTLAVPFKA3CRXRRBRRXRRBRC,1.067786443
LLIILRRRIRKQAHAHSK2SDGTLAVPFKA3RXRRBRCRXRRBRC,0.985002999
LLIILRRRIRKQAHAHSK2SDGTLAVPFKA3RQIKIWFQNRRMKWKK,0.715056989
LLIILRRRIRKQAHAHSK2SDGTLAVPFKA3CQIKIWFCNKRAKIKK,0.626674665
LLIILRRRIRKQAHAHSK2SDGTLAVPFKA3SQIKIWFQCKRAKIKC,0.712857429
LLIILRRRIRKQAHAHSK2SDGTLAVPFKA3CSQIKIWFQNKRAKIKKC,0.568686263
LLIILRRRIRKQAHAHSK2SDGTLAVPFKA3LLIILRRRIRKQAHAHSK,0.75464907
LLIILRRRIRKQAHAHSK2SDGTLAVPFKA3LLIILRRRIRKQAHAHSKRXRRBRRXRRBR,1.777044591
LLIILRRRIRKQAHAHSK2SDGTLAVPFKA3CRLRWRC,0.697660468
LLIILRRRIRKQAHAHSK2SDGTLAVPFKA3IWIAQELRRIGDEFNAYYARR,0.663667267
LLIILRRRIRKQAHAHSK2SDGTLAVPFKA3RRIRPRPPRLPRPRPRPLPFPRPG,1.067586483
LLIILRRRIRKQAHAHSK2SDGTLAVPFKA3TRSSRAGLQWPVGRVHRLLRK,0.721855629
LLIILRRRIRKQAHAHSK2SDGTLAVPFKA3RGGRLSYSRRRFSTSTGR,0.653669266
LLIILRRRIRKQAHAHSK2SDGTLAVPFKA3ALWKTLLKKVLKAPKKKRKV,0.610877824
LLIILRRRIRKQAHAHSK2SDGTLAVPFKA3KLIKGRTPIKFGKADCDRPPKHSQNGMGK,0.883423315
LLIILRRRIRKQAHAHSK2SDGTLAVPFKA3PLSSIFSRIGDP,0.50409918
LLIILRRRIRKQAHAHSK2SDGTLAVPFKA3KLALKALKALKAALKLA,1.24555089
LLIILRRRIRKQAHAHSK2SDGTLAVPFKA3RRWWRRWRR,0.543891222
LLIILRRRIRKQAHAHSK2SDGTLAVPFKA3LKTLTETLKELTKTLTEL,0.608078384
LLIILRRRIRKQAHAHSK2SDGTLAVPFKA3VRLPPPVRLPPPVRLPPP,0.550489902
LLIILRRRIRKQAHAHSK2SDGTLAVPFKA3FKIYDKKVRTRVVKH,0.730853829
LLIILRRRIRKQAHAHSK2SDGTLAVPFKA3KGTYKKKLMRIPLKGT,0.673265347
LLIILRRRIRKQAHAHSK2SDGTLAVPFKA3LYKKGPAKKGRPPLRGWFH,0.688262348
LLIILRRRIRKQAHAHSK2SDGTLAVPFKA3IAWVKAFIRKLRKGPLG,0.605678864
LLIILRRRIRKQAHAHSK2SDGTLAVPFKA3GSPWGLQHHPPRT,0.676064787
LLIILRRRIRKQAHAHSK2SDGTLAVPFKA3RQVTIWSQNRRVKSKK,0.647470506
LLIILRRRIRKQAHAHSK2SDGTLAVPFKA3VSALK,0.630073985
LLIILRRRIRKQAHAHSK2SDGTLAVPFKA3PPRPPRPPR,0.718256349
LLIILRRRIRKQAHAHSK2SDGTLAVPFKA3PPRPPRPPRPPR,0.648070386
LLIILRRRIRKQAHAHSK2SDGTLAVPFKA3RLRWR,0.642471506
LLIILRRRIRKQAHAHSK2SDGTLAVPFKA3GAYDLRRRERQSRLRRRERQSR,0.627074585
LLIILRRRIRKQAHAHSK2SDGTLAVPFKA3RKKRRQRRR,0.834233153
LLIILRRRIRKQAHAHSK2SDGTLAVPFKA3RQIKIWFQNRRMKWKK,0.799840032
LLIILRRRIRKQAHAHSK2SDGTLAVPFKA3RRRRRRRRR,0.74905019
LLIILRRRIRKQAHAHSK2SDGTLAVPFKA3RSVTIWFQSRRVKEKK,0.808238352
LLIILRRRIRKQAHAHSK2SDGTLAVPFKA3KRVKAGYLLGKINLKALAALAKKIL,0.784243151
LLIILRRRIRKQAHAHSK2SDGTLAVPFKA3AGYLLGKINLKALAALAKKILKRVK,0.75904819
LLIILRRRIRKQAHAHSK2SDGTLAVPFKA3PKKKRKVAGYLLGKINLKALAALAKKIL,0.925414917
AGYLLGKINLKALAALAKKILKRVK2KRVKAGYLLGKINLKALAALAKKIL3GRPRESGKKRKRKRLKP,0.777044591
AGYLLGKINLKALAALAKKILKRVK2KRVKAGYLLGKINLKALAALAKKIL3KKYRGRKRHPR,1.593081384
AGYLLGKINLKALAALAKKILKRVK2KRVKAGYLLGKINLKALAALAKKIL3GRKAARAPGRRKQ,1.206558688
AGYLLGKINLKALAALAKKILKRVK2KRVKAGYLLGKINLKALAALAKKIL3RRRRRRRRRRRR,0.49690062
AGYLLGKINLKALAALAKKILKRVK2KRVKAGYLLGKINLKALAALAKKIL3CRRRRRRRRRRRRC,0.906218756
AGYLLGKINLKALAALAKKILKRVK2KRVKAGYLLGKINLKALAALAKKIL3CRRRRRRCRRRRRR,0.699860028
AGYLLGKINLKALAALAKKILKRVK2KRVKAGYLLGKINLKALAALAKKIL3RRRRRRCRRRRRRC,0.877624475
AGYLLGKINLKALAALAKKILKRVK2KRVKAGYLLGKINLKALAALAKKIL3CRRRRRRCRRRRRRC,1.025794841
AGYLLGKINLKALAALAKKILKRVK2KRVKAGYLLGKINLKALAALAKKIL3CRRRRRRCCRRRRRRC,0.969806039
AGYLLGKINLKALAALAKKILKRVK2KRVKAGYLLGKINLKALAALAKKIL3RXRRBRRXRRBR,1.019996001
AGYLLGKINLKALAALAKKILKRVK2KRVKAGYLLGKINLKALAALAKKIL3CRXRRBRRXRRBRC,0.9980004
AGYLLGKINLKALAALAKKILKRVK2KRVKAGYLLGKINLKALAALAKKIL3RXRRBRCRXRRBRC,1.49610078
AGYLLGKINLKALAALAKKILKRVK2KRVKAGYLLGKINLKALAALAKKIL3RQIKIWFQNRRMKWKK,0.905818836
AGYLLGKINLKALAALAKKILKRVK2KRVKAGYLLGKINLKALAALAKKIL3CQIKIWFCNKRAKIKK,1.861227754
AGYLLGKINLKALAALAKKILKRVK2KRVKAGYLLGKINLKALAALAKKIL3SQIKIWFQCKRAKIKC,1.466506699
AGYLLGKINLKALAALAKKILKRVK2KRVKAGYLLGKINLKALAALAKKIL3CSQIKIWFQNKRAKIKKC,1.463107379
AGYLLGKINLKALAALAKKILKRVK2KRVKAGYLLGKINLKALAALAKKIL3LLIILRRRIRKQAHAHSK,1.367526495
AGYLLGKINLKALAALAKKILKRVK2KRVKAGYLLGKINLKALAALAKKIL3LLIILRRRIRKQAHAHSKRXRRBRRXRRBR,2.138372326
AGYLLGKINLKALAALAKKILKRVK2KRVKAGYLLGKINLKALAALAKKIL3CRLRWRC,3.816436713
AGYLLGKINLKALAALAKKILKRVK2KRVKAGYLLGKINLKALAALAKKIL3IWIAQELRRIGDEFNAYYARR,2.147370526
AGYLLGKINLKALAALAKKILKRVK2KRVKAGYLLGKINLKALAALAKKIL3RRIRPRPPRLPRPRPRPLPFPRPG,1.171565687
AGYLLGKINLKALAALAKKILKRVK2KRVKAGYLLGKINLKALAALAKKIL3TRSSRAGLQWPVGRVHRLLRK,1.973605279
AGYLLGKINLKALAALAKKILKRVK2KRVKAGYLLGKINLKALAALAKKIL3RGGRLSYSRRRFSTSTGR,2.0109978
AGYLLGKINLKALAALAKKILKRVK2KRVKAGYLLGKINLKALAALAKKIL3ALWKTLLKKVLKAPKKKRKV,1.097580484
AGYLLGKINLKALAALAKKILKRVK2KRVKAGYLLGKINLKALAALAKKIL3KLIKGRTPIKFGKADCDRPPKHSQNGMGK,1.50469906
AGYLLGKINLKALAALAKKILKRVK2KRVKAGYLLGKINLKALAALAKKIL3PLSSIFSRIGDP,0.49670066
AGYLLGKINLKALAALAKKILKRVK2KRVKAGYLLGKINLKALAALAKKIL3KLALKALKALKAALKLA,1.586282743
AGYLLGKINLKALAALAKKILKRVK2KRVKAGYLLGKINLKALAALAKKIL3RRWWRRWRR,1.225354929
AGYLLGKINLKALAALAKKILKRVK2KRVKAGYLLGKINLKALAALAKKIL3LKTLTETLKELTKTLTEL,1.355128974
AGYLLGKINLKALAALAKKILKRVK2KRVKAGYLLGKINLKALAALAKKIL3VRLPPPVRLPPPVRLPPP,0.413717257
AGYLLGKINLKALAALAKKILKRVK2KRVKAGYLLGKINLKALAALAKKIL3FKIYDKKVRTRVVKH,0.378324335
AGYLLGKINLKALAALAKKILKRVK2KRVKAGYLLGKINLKALAALAKKIL3KGTYKKKLMRIPLKGT,1.592481504
AGYLLGKINLKALAALAKKILKRVK2KRVKAGYLLGKINLKALAALAKKIL3LYKKGPAKKGRPPLRGWFH,2.129374125
AGYLLGKINLKALAALAKKILKRVK2KRVKAGYLLGKINLKALAALAKKIL3IAWVKAFIRKLRKGPLG,1.692661468
AGYLLGKINLKALAALAKKILKRVK2KRVKAGYLLGKINLKALAALAKKIL3GSPWGLQHHPPRT,1.550089982
AGYLLGKINLKALAALAKKILKRVK2KRVKAGYLLGKINLKALAALAKKIL3RQVTIWSQNRRVKSKK,1.331733653
AGYLLGKINLKALAALAKKILKRVK2KRVKAGYLLGKINLKALAALAKKIL3VSALK,1.101379724
AGYLLGKINLKALAALAKKILKRVK2KRVKAGYLLGKINLKALAALAKKIL3PPRPPRPPR,1.820635873
AGYLLGKINLKALAALAKKILKRVK2KRVKAGYLLGKINLKALAALAKKIL3PPRPPRPPRPPR,2.153969206
AGYLLGKINLKALAALAKKILKRVK2KRVKAGYLLGKINLKALAALAKKIL3RLRWR,2.091581684
AGYLLGKINLKALAALAKKILKRVK2KRVKAGYLLGKINLKALAALAKKIL3GAYDLRRRERQSRLRRRERQSR,1.523895221
AGYLLGKINLKALAALAKKILKRVK2KRVKAGYLLGKINLKALAALAKKIL3RKKRRQRRR,1.0109978
AGYLLGKINLKALAALAKKILKRVK2KRVKAGYLLGKINLKALAALAKKIL3RQIKIWFQNRRMKWKK,1.25974805
AGYLLGKINLKALAALAKKILKRVK2KRVKAGYLLGKINLKALAALAKKIL3RRRRRRRRR,1.121575685
AGYLLGKINLKALAALAKKILKRVK2KRVKAGYLLGKINLKALAALAKKIL3RSVTIWFQSRRVKEKK,0.662867427
AGYLLGKINLKALAALAKKILKRVK2KRVKAGYLLGKINLKALAALAKKIL3KRVKAGYLLGKINLKALAALAKKIL,1.700059988
AGYLLGKINLKALAALAKKILKRVK2KRVKAGYLLGKINLKALAALAKKIL3AGYLLGKINLKALAALAKKILKRVK,2.691061788
AGYLLGKINLKALAALAKKILKRVK2KRVKAGYLLGKINLKALAALAKKIL3PKKKRKVAGYLLGKINLKALAALAKKIL,1.685662867
AGYLLGKINLKALAALAKKILKRVK2PKKKRKVAGYLLGKINLKALAALAKKIL3GRPRESGKKRKRKRLKP,0.562887423
AGYLLGKINLKALAALAKKILKRVK2PKKKRKVAGYLLGKINLKALAALAKKIL3KKYRGRKRHPR,1.110377924
AGYLLGKINLKALAALAKKILKRVK2PKKKRKVAGYLLGKINLKALAALAKKIL3GRKAARAPGRRKQ,0.925814837
AGYLLGKINLKALAALAKKILKRVK2PKKKRKVAGYLLGKINLKALAALAKKIL3RRRRRRRRRRRR,1.927014597
AGYLLGKINLKALAALAKKILKRVK2PKKKRKVAGYLLGKINLKALAALAKKIL3CRRRRRRRRRRRRC,0.580883823
AGYLLGKINLKALAALAKKILKRVK2PKKKRKVAGYLLGKINLKALAALAKKIL3CRRRRRRCRRRRRR,0.471105779
AGYLLGKINLKALAALAKKILKRVK2PKKKRKVAGYLLGKINLKALAALAKKIL3RRRRRRCRRRRRRC,0.528294341
AGYLLGKINLKALAALAKKILKRVK2PKKKRKVAGYLLGKINLKALAALAKKIL3CRRRRRRCRRRRRRC,0.577884423
AGYLLGKINLKALAALAKKILKRVK2PKKKRKVAGYLLGKINLKALAALAKKIL3CRRRRRRCCRRRRRRC,0.572485503
AGYLLGKINLKALAALAKKILKRVK2PKKKRKVAGYLLGKINLKALAALAKKIL3RXRRBRRXRRBR,0.702659468
AGYLLGKINLKALAALAKKILKRVK2PKKKRKVAGYLLGKINLKALAALAKKIL3CRXRRBRRXRRBRC,0.693061388
AGYLLGKINLKALAALAKKILKRVK2PKKKRKVAGYLLGKINLKALAALAKKIL3RXRRBRCRXRRBRC,0.568686263
AGYLLGKINLKALAALAKKILKRVK2PKKKRKVAGYLLGKINLKALAALAKKIL3RQIKIWFQNRRMKWKK,0.671065787
AGYLLGKINLKALAALAKKILKRVK2PKKKRKVAGYLLGKINLKALAALAKKIL3CQIKIWFCNKRAKIKK,1.040791842
AGYLLGKINLKALAALAKKILKRVK2PKKKRKVAGYLLGKINLKALAALAKKIL3SQIKIWFQCKRAKIKC,1.185762847
AGYLLGKINLKALAALAKKILKRVK2PKKKRKVAGYLLGKINLKALAALAKKIL3CSQIKIWFQNKRAKIKKC,1.132573485
AGYLLGKINLKALAALAKKILKRVK2PKKKRKVAGYLLGKINLKALAALAKKIL3LLIILRRRIRKQAHAHSK,1.283743251
AGYLLGKINLKALAALAKKILKRVK2PKKKRKVAGYLLGKINLKALAALAKKIL3LLIILRRRIRKQAHAHSKRXRRBRRXRRBR,1.562687463
AGYLLGKINLKALAALAKKILKRVK2PKKKRKVAGYLLGKINLKALAALAKKIL3CRLRWRC,1.224755049
AGYLLGKINLKALAALAKKILKRVK2PKKKRKVAGYLLGKINLKALAALAKKIL3IWIAQELRRIGDEFNAYYARR,0.890621876
AGYLLGKINLKALAALAKKILKRVK2PKKKRKVAGYLLGKINLKALAALAKKIL3RRIRPRPPRLPRPRPRPLPFPRPG,0.727254549
AGYLLGKINLKALAALAKKILKRVK2PKKKRKVAGYLLGKINLKALAALAKKIL3TRSSRAGLQWPVGRVHRLLRK,0.990002
AGYLLGKINLKALAALAKKILKRVK2PKKKRKVAGYLLGKINLKALAALAKKIL3RGGRLSYSRRRFSTSTGR,0.886622675
AGYLLGKINLKALAALAKKILKRVK2PKKKRKVAGYLLGKINLKALAALAKKIL3ALWKTLLKKVLKAPKKKRKV,0.631073785
AGYLLGKINLKALAALAKKILKRVK2PKKKRKVAGYLLGKINLKALAALAKKIL3KLIKGRTPIKFGKADCDRPPKHSQNGMGK,1.021195761
AGYLLGKINLKALAALAKKILKRVK2PKKKRKVAGYLLGKINLKALAALAKKIL3PLSSIFSRIGDP,1.073985203
AGYLLGKINLKALAALAKKILKRVK2PKKKRKVAGYLLGKINLKALAALAKKIL3KLALKALKALKAALKLA,0.983603279
AGYLLGKINLKALAALAKKILKRVK2PKKKRKVAGYLLGKINLKALAALAKKIL3RRWWRRWRR,0.620875825
AGYLLGKINLKALAALAKKILKRVK2PKKKRKVAGYLLGKINLKALAALAKKIL3LKTLTETLKELTKTLTEL,1.408518296
AGYLLGKINLKALAALAKKILKRVK2PKKKRKVAGYLLGKINLKALAALAKKIL3VRLPPPVRLPPPVRLPPP,1.25614877
AGYLLGKINLKALAALAKKILKRVK2PKKKRKVAGYLLGKINLKALAALAKKIL3FKIYDKKVRTRVVKH,0.938412318
AGYLLGKINLKALAALAKKILKRVK2PKKKRKVAGYLLGKINLKALAALAKKIL3KGTYKKKLMRIPLKGT,0.868626275
AGYLLGKINLKALAALAKKILKRVK2PKKKRKVAGYLLGKINLKALAALAKKIL3LYKKGPAKKGRPPLRGWFH,1.079584083
AGYLLGKINLKALAALAKKILKRVK2PKKKRKVAGYLLGKINLKALAALAKKIL3IAWVKAFIRKLRKGPLG,0.898820236
AGYLLGKINLKALAALAKKILKRVK2PKKKRKVAGYLLGKINLKALAALAKKIL3GSPWGLQHHPPRT,0.866826635
AGYLLGKINLKALAALAKKILKRVK2PKKKRKVAGYLLGKINLKALAALAKKIL3RQVTIWSQNRRVKSKK,1.079784043
AGYLLGKINLKALAALAKKILKRVK2PKKKRKVAGYLLGKINLKALAALAKKIL3VSALK,1.154569086
AGYLLGKINLKALAALAKKILKRVK2PKKKRKVAGYLLGKINLKALAALAKKIL3PPRPPRPPR,1.00539892
AGYLLGKINLKALAALAKKILKRVK2PKKKRKVAGYLLGKINLKALAALAKKIL3PPRPPRPPRPPR,1.00719856
AGYLLGKINLKALAALAKKILKRVK2PKKKRKVAGYLLGKINLKALAALAKKIL3RLRWR,1.163767247
AGYLLGKINLKALAALAKKILKRVK2PKKKRKVAGYLLGKINLKALAALAKKIL3GAYDLRRRERQSRLRRRERQSR,0.784843031
AGYLLGKINLKALAALAKKILKRVK2PKKKRKVAGYLLGKINLKALAALAKKIL3RKKRRQRRR,0.621075785
AGYLLGKINLKALAALAKKILKRVK2PKKKRKVAGYLLGKINLKALAALAKKIL3RQIKIWFQNRRMKWKK,0.729254149
AGYLLGKINLKALAALAKKILKRVK2PKKKRKVAGYLLGKINLKALAALAKKIL3RRRRRRRRR,0.74745051
AGYLLGKINLKALAALAKKILKRVK2PKKKRKVAGYLLGKINLKALAALAKKIL3RSVTIWFQSRRVKEKK,0.911617676
AGYLLGKINLKALAALAKKILKRVK2PKKKRKVAGYLLGKINLKALAALAKKIL3KRVKAGYLLGKINLKALAALAKKIL,2.465306939
AGYLLGKINLKALAALAKKILKRVK2PKKKRKVAGYLLGKINLKALAALAKKIL3AGYLLGKINLKALAALAKKILKRVK,1.589082184
AGYLLGKINLKALAALAKKILKRVK2PKKKRKVAGYLLGKINLKALAALAKKIL3PKKKRKVAGYLLGKINLKALAALAKKIL,1.544691062
AGYLLGKINLKALAALAKKILKRVK2SDGTLAVPFKA3GRPRESGKKRKRKRLKP,0.971005799
AGYLLGKINLKALAALAKKILKRVK2SDGTLAVPFKA3KKYRGRKRHPR,1.172965407
AGYLLGKINLKALAALAKKILKRVK2SDGTLAVPFKA3GRKAARAPGRRKQ,1.188362328
AGYLLGKINLKALAALAKKILKRVK2SDGTLAVPFKA3RRRRRRRRRRRR,1.283743251
AGYLLGKINLKALAALAKKILKRVK2SDGTLAVPFKA3CRRRRRRRRRRRRC,0.585082983
AGYLLGKINLKALAALAKKILKRVK2SDGTLAVPFKA3CRRRRRRCRRRRRR,0.519096181
AGYLLGKINLKALAALAKKILKRVK2SDGTLAVPFKA3RRRRRRCRRRRRRC,0.594681064
AGYLLGKINLKALAALAKKILKRVK2SDGTLAVPFKA3CRRRRRRCRRRRRRC,0.670665867
AGYLLGKINLKALAALAKKILKRVK2SDGTLAVPFKA3CRRRRRRCCRRRRRRC,0.672665467
AGYLLGKINLKALAALAKKILKRVK2SDGTLAVPFKA3RXRRBRRXRRBR,1.524895021
AGYLLGKINLKALAALAKKILKRVK2SDGTLAVPFKA3CRXRRBRRXRRBRC,1.834633073
AGYLLGKINLKALAALAKKILKRVK2SDGTLAVPFKA3RXRRBRCRXRRBRC,1.671665667
AGYLLGKINLKALAALAKKILKRVK2SDGTLAVPFKA3RQIKIWFQNRRMKWKK,1.00219956
AGYLLGKINLKALAALAKKILKRVK2SDGTLAVPFKA3CQIKIWFCNKRAKIKK,1.225354929
AGYLLGKINLKALAALAKKILKRVK2SDGTLAVPFKA3SQIKIWFQCKRAKIKC,1.910617876
AGYLLGKINLKALAALAKKILKRVK2SDGTLAVPFKA3CSQIKIWFQNKRAKIKKC,0.977804439
AGYLLGKINLKALAALAKKILKRVK2SDGTLAVPFKA3LLIILRRRIRKQAHAHSK,0.612677465
AGYLLGKINLKALAALAKKILKRVK2SDGTLAVPFKA3LLIILRRRIRKQAHAHSKRXRRBRRXRRBR,0.861027794
AGYLLGKINLKALAALAKKILKRVK2SDGTLAVPFKA3CRLRWRC,3.679264147
AGYLLGKINLKALAALAKKILKRVK2SDGTLAVPFKA3IWIAQELRRIGDEFNAYYARR,2.24635073
AGYLLGKINLKALAALAKKILKRVK2SDGTLAVPFKA3RRIRPRPPRLPRPRPRPLPFPRPG,1.24235153
AGYLLGKINLKALAALAKKILKRVK2SDGTLAVPFKA3TRSSRAGLQWPVGRVHRLLRK,4.968206359
AGYLLGKINLKALAALAKKILKRVK2SDGTLAVPFKA3RGGRLSYSRRRFSTSTGR,1.375924815
AGYLLGKINLKALAALAKKILKRVK2SDGTLAVPFKA3ALWKTLLKKVLKAPKKKRKV,1.455508898
AGYLLGKINLKALAALAKKILKRVK2SDGTLAVPFKA3KLIKGRTPIKFGKADCDRPPKHSQNGMGK,1.73865227
AGYLLGKINLKALAALAKKILKRVK2SDGTLAVPFKA3PLSSIFSRIGDP,5.142371526
AGYLLGKINLKALAALAKKILKRVK2SDGTLAVPFKA3KLALKALKALKAALKLA,2.328734253
AGYLLGKINLKALAALAKKILKRVK2SDGTLAVPFKA3RRWWRRWRR,1.24535093
AGYLLGKINLKALAALAKKILKRVK2SDGTLAVPFKA3LKTLTETLKELTKTLTEL,1.191561688
AGYLLGKINLKALAALAKKILKRVK2SDGTLAVPFKA3VRLPPPVRLPPPVRLPPP,0.809638072
AGYLLGKINLKALAALAKKILKRVK2SDGTLAVPFKA3FKIYDKKVRTRVVKH,1.553689262
AGYLLGKINLKALAALAKKILKRVK2SDGTLAVPFKA3KGTYKKKLMRIPLKGT,0.862627475
AGYLLGKINLKALAALAKKILKRVK2SDGTLAVPFKA3LYKKGPAKKGRPPLRGWFH,1.675264947
AGYLLGKINLKALAALAKKILKRVK2SDGTLAVPFKA3IAWVKAFIRKLRKGPLG,1.199360128
AGYLLGKINLKALAALAKKILKRVK2SDGTLAVPFKA3GSPWGLQHHPPRT,5.465706859
AGYLLGKINLKALAALAKKILKRVK2SDGTLAVPFKA3RQVTIWSQNRRVKSKK,0.74165167
AGYLLGKINLKALAALAKKILKRVK2SDGTLAVPFKA3VSALK,2.221955609
AGYLLGKINLKALAALAKKILKRVK2SDGTLAVPFKA3PPRPPRPPR,0.836832633
AGYLLGKINLKALAALAKKILKRVK2SDGTLAVPFKA3PPRPPRPPRPPR,0.959208158
AGYLLGKINLKALAALAKKILKRVK2SDGTLAVPFKA3RLRWR,6.099380124
AGYLLGKINLKALAALAKKILKRVK2SDGTLAVPFKA3GAYDLRRRERQSRLRRRERQSR,1.215956809
AGYLLGKINLKALAALAKKILKRVK2SDGTLAVPFKA3RKKRRQRRR,0.890221956
AGYLLGKINLKALAALAKKILKRVK2SDGTLAVPFKA3RQIKIWFQNRRMKWKK,0.832433513
AGYLLGKINLKALAALAKKILKRVK2SDGTLAVPFKA3RRRRRRRRR,0.928814237
AGYLLGKINLKALAALAKKILKRVK2SDGTLAVPFKA3RSVTIWFQSRRVKEKK,0.808838232
AGYLLGKINLKALAALAKKILKRVK2SDGTLAVPFKA3KRVKAGYLLGKINLKALAALAKKIL,0.982803439
AGYLLGKINLKALAALAKKILKRVK2SDGTLAVPFKA3AGYLLGKINLKALAALAKKILKRVK,1.695060988
AGYLLGKINLKALAALAKKILKRVK2SDGTLAVPFKA3PKKKRKVAGYLLGKINLKALAALAKKIL,1.544491102
GRPRESGKKRKRKRLKP2KRVKAGYLLGKINLKALAALAKKIL3GRPRESGKKRKRKRLKP,16.0569886
GRPRESGKKRKRKRLKP2KRVKAGYLLGKINLKALAALAKKIL3KKYRGRKRHPR,12.72765447
GRPRESGKKRKRKRLKP2KRVKAGYLLGKINLKALAALAKKIL3GRKAARAPGRRKQ,14.63887223
GRPRESGKKRKRKRLKP2KRVKAGYLLGKINLKALAALAKKIL3RRRRRRRRRRRR,17.5244951
GRPRESGKKRKRKRLKP2KRVKAGYLLGKINLKALAALAKKIL3CRRRRRRRRRRRRC,16.78404319
GRPRESGKKRKRKRLKP2KRVKAGYLLGKINLKALAALAKKIL3CRRRRRRCRRRRRR,16.29274145
GRPRESGKKRKRKRLKP2KRVKAGYLLGKINLKALAALAKKIL3RRRRRRCRRRRRRC,16.27354529
GRPRESGKKRKRKRLKP2KRVKAGYLLGKINLKALAALAKKIL3CRRRRRRCRRRRRRC,14.86842631
GRPRESGKKRKRKRLKP2KRVKAGYLLGKINLKALAALAKKIL3CRRRRRRCCRRRRRRC,16.99140172
GRPRESGKKRKRKRLKP2KRVKAGYLLGKINLKALAALAKKIL3RXRRBRRXRRBR,17.82863427
GRPRESGKKRKRKRLKP2KRVKAGYLLGKINLKALAALAKKIL3CRXRRBRRXRRBRC,18.5874825
GRPRESGKKRKRKRLKP2KRVKAGYLLGKINLKALAALAKKIL3RXRRBRCRXRRBRC,16.11457708
GRPRESGKKRKRKRLKP2KRVKAGYLLGKINLKALAALAKKIL3RQIKIWFQNRRMKWKK,12.37072585
GRPRESGKKRKRKRLKP2KRVKAGYLLGKINLKALAALAKKIL3CQIKIWFCNKRAKIKK,7.514897021
GRPRESGKKRKRKRLKP2KRVKAGYLLGKINLKALAALAKKIL3SQIKIWFQCKRAKIKC,6.175364927
GRPRESGKKRKRKRLKP2KRVKAGYLLGKINLKALAALAKKIL3CSQIKIWFQNKRAKIKKC,7.226754649
GRPRESGKKRKRKRLKP2KRVKAGYLLGKINLKALAALAKKIL3LLIILRRRIRKQAHAHSK,5.476504699
GRPRESGKKRKRKRLKP2KRVKAGYLLGKINLKALAALAKKIL3LLIILRRRIRKQAHAHSKRXRRBRRXRRBR,13.58008398
GRPRESGKKRKRKRLKP2KRVKAGYLLGKINLKALAALAKKIL3CRLRWRC,1.627274545
GRPRESGKKRKRKRLKP2KRVKAGYLLGKINLKALAALAKKIL3IWIAQELRRIGDEFNAYYARR,2.727254549
GRPRESGKKRKRKRLKP2KRVKAGYLLGKINLKALAALAKKIL3RRIRPRPPRLPRPRPRPLPFPRPG,14.21675665
GRPRESGKKRKRKRLKP2KRVKAGYLLGKINLKALAALAKKIL3TRSSRAGLQWPVGRVHRLLRK,12.50869826
GRPRESGKKRKRKRLKP2KRVKAGYLLGKINLKALAALAKKIL3RGGRLSYSRRRFSTSTGR,15.29014197
GRPRESGKKRKRKRLKP2KRVKAGYLLGKINLKALAALAKKIL3ALWKTLLKKVLKAPKKKRKV,14.28454309
GRPRESGKKRKRKRLKP2KRVKAGYLLGKINLKALAALAKKIL3KLIKGRTPIKFGKADCDRPPKHSQNGMGK,11.31333733
GRPRESGKKRKRKRLKP2KRVKAGYLLGKINLKALAALAKKIL3PLSSIFSRIGDP,0.909218156
GRPRESGKKRKRKRLKP2KRVKAGYLLGKINLKALAALAKKIL3KLALKALKALKAALKLA,10.06618676
GRPRESGKKRKRKRLKP2KRVKAGYLLGKINLKALAALAKKIL3RRWWRRWRR,14.85342931
GRPRESGKKRKRKRLKP2KRVKAGYLLGKINLKALAALAKKIL3LKTLTETLKELTKTLTEL,10.50569886
GRPRESGKKRKRKRLKP2KRVKAGYLLGKINLKALAALAKKIL3VRLPPPVRLPPPVRLPPP,3.025194961
GRPRESGKKRKRKRLKP2KRVKAGYLLGKINLKALAALAKKIL3FKIYDKKVRTRVVKH,8.913017397
GRPRESGKKRKRKRLKP2KRVKAGYLLGKINLKALAALAKKIL3KGTYKKKLMRIPLKGT,13.33333333
GRPRESGKKRKRKRLKP2KRVKAGYLLGKINLKALAALAKKIL3LYKKGPAKKGRPPLRGWFH,14.28154369
GRPRESGKKRKRKRLKP2KRVKAGYLLGKINLKALAALAKKIL3IAWVKAFIRKLRKGPLG,7.684663067
GRPRESGKKRKRKRLKP2KRVKAGYLLGKINLKALAALAKKIL3GSPWGLQHHPPRT,4.710457908
GRPRESGKKRKRKRLKP2KRVKAGYLLGKINLKALAALAKKIL3RQVTIWSQNRRVKSKK,13.25134973
GRPRESGKKRKRKRLKP2KRVKAGYLLGKINLKALAALAKKIL3VSALK,5.945010998
GRPRESGKKRKRKRLKP2KRVKAGYLLGKINLKALAALAKKIL3PPRPPRPPR,12.26094781
GRPRESGKKRKRKRLKP2KRVKAGYLLGKINLKALAALAKKIL3PPRPPRPPRPPR,12.69086183
GRPRESGKKRKRKRLKP2KRVKAGYLLGKINLKALAALAKKIL3RLRWR,14.12957409
GRPRESGKKRKRKRLKP2KRVKAGYLLGKINLKALAALAKKIL3GAYDLRRRERQSRLRRRERQSR,13.71165767
GRPRESGKKRKRKRLKP2KRVKAGYLLGKINLKALAALAKKIL3RKKRRQRRR,17.34313137
GRPRESGKKRKRKRLKP2KRVKAGYLLGKINLKALAALAKKIL3RQIKIWFQNRRMKWKK,11.4805039
GRPRESGKKRKRKRLKP2KRVKAGYLLGKINLKALAALAKKIL3RRRRRRRRR,17.47990402
GRPRESGKKRKRKRLKP2KRVKAGYLLGKINLKALAALAKKIL3RSVTIWFQSRRVKEKK,6.700859828
GRPRESGKKRKRKRLKP2KRVKAGYLLGKINLKALAALAKKIL3KRVKAGYLLGKINLKALAALAKKIL,10.26434713
GRPRESGKKRKRKRLKP2KRVKAGYLLGKINLKALAALAKKIL3AGYLLGKINLKALAALAKKILKRVK,11.21255749
GRPRESGKKRKRKRLKP2KRVKAGYLLGKINLKALAALAKKIL3PKKKRKVAGYLLGKINLKALAALAKKIL,10.4935013
GRPRESGKKRKRKRLKP2PKKKRKVAGYLLGKINLKALAALAKKIL3GRPRESGKKRKRKRLKP,14.55668866
GRPRESGKKRKRKRLKP2PKKKRKVAGYLLGKINLKALAALAKKIL3KKYRGRKRHPR,14.36332733
GRPRESGKKRKRKRLKP2PKKKRKVAGYLLGKINLKALAALAKKIL3GRKAARAPGRRKQ,14.32473505
GRPRESGKKRKRKRLKP2PKKKRKVAGYLLGKINLKALAALAKKIL3RRRRRRRRRRRR,13.9540092
GRPRESGKKRKRKRLKP2PKKKRKVAGYLLGKINLKALAALAKKIL3CRRRRRRRRRRRRC,16.63887223
GRPRESGKKRKRKRLKP2PKKKRKVAGYLLGKINLKALAALAKKIL3CRRRRRRCRRRRRR,15.95560888
GRPRESGKKRKRKRLKP2PKKKRKVAGYLLGKINLKALAALAKKIL3RRRRRRCRRRRRRC,17.75764847
GRPRESGKKRKRKRLKP2PKKKRKVAGYLLGKINLKALAALAKKIL3CRRRRRRCRRRRRRC,16.37232553
GRPRESGKKRKRKRLKP2PKKKRKVAGYLLGKINLKALAALAKKIL3CRRRRRRCCRRRRRRC,17.10017996
GRPRESGKKRKRKRLKP2PKKKRKVAGYLLGKINLKALAALAKKIL3RXRRBRRXRRBR,18.13077385
GRPRESGKKRKRKRLKP2PKKKRKVAGYLLGKINLKALAALAKKIL3CRXRRBRRXRRBRC,19.13777245
GRPRESGKKRKRKRLKP2PKKKRKVAGYLLGKINLKALAALAKKIL3RXRRBRCRXRRBRC,19.30593881
GRPRESGKKRKRKRLKP2PKKKRKVAGYLLGKINLKALAALAKKIL3RQIKIWFQNRRMKWKK,15.34533093
GRPRESGKKRKRKRLKP2PKKKRKVAGYLLGKINLKALAALAKKIL3CQIKIWFCNKRAKIKK,15.26294741
GRPRESGKKRKRKRLKP2PKKKRKVAGYLLGKINLKALAALAKKIL3SQIKIWFQCKRAKIKC,10.42791442
GRPRESGKKRKRKRLKP2PKKKRKVAGYLLGKINLKALAALAKKIL3CSQIKIWFQNKRAKIKKC,11.48230354
GRPRESGKKRKRKRLKP2PKKKRKVAGYLLGKINLKALAALAKKIL3LLIILRRRIRKQAHAHSK,10.31353729
GRPRESGKKRKRKRLKP2PKKKRKVAGYLLGKINLKALAALAKKIL3LLIILRRRIRKQAHAHSKRXRRBRRXRRBR,17.55028994
GRPRESGKKRKRKRLKP2PKKKRKVAGYLLGKINLKALAALAKKIL3CRLRWRC,12.65266947
GRPRESGKKRKRKRLKP2PKKKRKVAGYLLGKINLKALAALAKKIL3IWIAQELRRIGDEFNAYYARR,7.587082583
GRPRESGKKRKRKRLKP2PKKKRKVAGYLLGKINLKALAALAKKIL3RRIRPRPPRLPRPRPRPLPFPRPG,16.47370526
GRPRESGKKRKRKRLKP2PKKKRKVAGYLLGKINLKALAALAKKIL3TRSSRAGLQWPVGRVHRLLRK,17.72905419
GRPRESGKKRKRKRLKP2PKKKRKVAGYLLGKINLKALAALAKKIL3RGGRLSYSRRRFSTSTGR,17.58028394
GRPRESGKKRKRKRLKP2PKKKRKVAGYLLGKINLKALAALAKKIL3ALWKTLLKKVLKAPKKKRKV,14.93121376
GRPRESGKKRKRKRLKP2PKKKRKVAGYLLGKINLKALAALAKKIL3KLIKGRTPIKFGKADCDRPPKHSQNGMGK,14.37392521
GRPRESGKKRKRKRLKP2PKKKRKVAGYLLGKINLKALAALAKKIL3PLSSIFSRIGDP,8.458108378
GRPRESGKKRKRKRLKP2PKKKRKVAGYLLGKINLKALAALAKKIL3KLALKALKALKAALKLA,10.85642871
GRPRESGKKRKRKRLKP2PKKKRKVAGYLLGKINLKALAALAKKIL3RRWWRRWRR,19.5244951
GRPRESGKKRKRKRLKP2PKKKRKVAGYLLGKINLKALAALAKKIL3LKTLTETLKELTKTLTEL,12.53609278
GRPRESGKKRKRKRLKP2PKKKRKVAGYLLGKINLKALAALAKKIL3VRLPPPVRLPPPVRLPPP,9.571285743
GRPRESGKKRKRKRLKP2PKKKRKVAGYLLGKINLKALAALAKKIL3FKIYDKKVRTRVVKH,10.73685263
GRPRESGKKRKRKRLKP2PKKKRKVAGYLLGKINLKALAALAKKIL3KGTYKKKLMRIPLKGT,15.21655669
GRPRESGKKRKRKRLKP2PKKKRKVAGYLLGKINLKALAALAKKIL3LYKKGPAKKGRPPLRGWFH,14.47610478
GRPRESGKKRKRKRLKP2PKKKRKVAGYLLGKINLKALAALAKKIL3IAWVKAFIRKLRKGPLG,10.64047191
GRPRESGKKRKRKRLKP2PKKKRKVAGYLLGKINLKALAALAKKIL3GSPWGLQHHPPRT,9.934813037
GRPRESGKKRKRKRLKP2PKKKRKVAGYLLGKINLKALAALAKKIL3RQVTIWSQNRRVKSKK,13.32373525
GRPRESGKKRKRKRLKP2PKKKRKVAGYLLGKINLKALAALAKKIL3VSALK,8.916416717
GRPRESGKKRKRKRLKP2PKKKRKVAGYLLGKINLKALAALAKKIL3PPRPPRPPR,15.98020396
GRPRESGKKRKRKRLKP2PKKKRKVAGYLLGKINLKALAALAKKIL3PPRPPRPPRPPR,16.5974805
GRPRESGKKRKRKRLKP2PKKKRKVAGYLLGKINLKALAALAKKIL3RLRWR,18.39232154
GRPRESGKKRKRKRLKP2PKKKRKVAGYLLGKINLKALAALAKKIL3GAYDLRRRERQSRLRRRERQSR,15.20055989
GRPRESGKKRKRKRLKP2PKKKRKVAGYLLGKINLKALAALAKKIL3RKKRRQRRR,15.46170766
GRPRESGKKRKRKRLKP2PKKKRKVAGYLLGKINLKALAALAKKIL3RQIKIWFQNRRMKWKK,15.24935013
GRPRESGKKRKRKRLKP2PKKKRKVAGYLLGKINLKALAALAKKIL3RRRRRRRRR,16.0209958
GRPRESGKKRKRKRLKP2PKKKRKVAGYLLGKINLKALAALAKKIL3RSVTIWFQSRRVKEKK,9.381123775
GRPRESGKKRKRKRLKP2PKKKRKVAGYLLGKINLKALAALAKKIL3KRVKAGYLLGKINLKALAALAKKIL,13.4105179
GRPRESGKKRKRKRLKP2PKKKRKVAGYLLGKINLKALAALAKKIL3AGYLLGKINLKALAALAKKILKRVK,11.64627075
GRPRESGKKRKRKRLKP2PKKKRKVAGYLLGKINLKALAALAKKIL3PKKKRKVAGYLLGKINLKALAALAKKIL,11.17236553
GRPRESGKKRKRKRLKP2SDGTLAVPFKA3GRPRESGKKRKRKRLKP,11.59568086
GRPRESGKKRKRKRLKP2SDGTLAVPFKA3KKYRGRKRHPR,9.366526695
GRPRESGKKRKRKRLKP2SDGTLAVPFKA3GRKAARAPGRRKQ,7.285542891
GRPRESGKKRKRKRLKP2SDGTLAVPFKA3RRRRRRRRRRRR,17.59488102
GRPRESGKKRKRKRLKP2SDGTLAVPFKA3CRRRRRRRRRRRRC,11.69506099
GRPRESGKKRKRKRLKP2SDGTLAVPFKA3CRRRRRRCRRRRRR,14.9280144
GRPRESGKKRKRKRLKP2SDGTLAVPFKA3RRRRRRCRRRRRRC,12.87722456
GRPRESGKKRKRKRLKP2SDGTLAVPFKA3CRRRRRRCRRRRRRC,10.86862627
GRPRESGKKRKRKRLKP2SDGTLAVPFKA3CRRRRRRCCRRRRRRC,10.05758848
GRPRESGKKRKRKRLKP2SDGTLAVPFKA3RXRRBRRXRRBR,17.37912418
GRPRESGKKRKRKRLKP2SDGTLAVPFKA3CRXRRBRRXRRBRC,16.42811438
GRPRESGKKRKRKRLKP2SDGTLAVPFKA3RXRRBRCRXRRBRC,15.67646471
GRPRESGKKRKRKRLKP2SDGTLAVPFKA3RQIKIWFQNRRMKWKK,6.974805039
GRPRESGKKRKRKRLKP2SDGTLAVPFKA3CQIKIWFCNKRAKIKK,4.300339932
GRPRESGKKRKRKRLKP2SDGTLAVPFKA3SQIKIWFQCKRAKIKC,3.296740652
GRPRESGKKRKRKRLKP2SDGTLAVPFKA3CSQIKIWFQNKRAKIKKC,2.436112777
GRPRESGKKRKRKRLKP2SDGTLAVPFKA3LLIILRRRIRKQAHAHSK,2.963407319
GRPRESGKKRKRKRLKP2SDGTLAVPFKA3LLIILRRRIRKQAHAHSKRXRRBRRXRRBR,11.42591482
GRPRESGKKRKRKRLKP2SDGTLAVPFKA3CRLRWRC,3.544091182
GRPRESGKKRKRKRLKP2SDGTLAVPFKA3IWIAQELRRIGDEFNAYYARR,2.371725655
GRPRESGKKRKRKRLKP2SDGTLAVPFKA3RRIRPRPPRLPRPRPRPLPFPRPG,14.66046791
GRPRESGKKRKRKRLKP2SDGTLAVPFKA3TRSSRAGLQWPVGRVHRLLRK,4.927814437
GRPRESGKKRKRKRLKP2SDGTLAVPFKA3RGGRLSYSRRRFSTSTGR,8.172565487
GRPRESGKKRKRKRLKP2SDGTLAVPFKA3ALWKTLLKKVLKAPKKKRKV,11.05038992
GRPRESGKKRKRKRLKP2SDGTLAVPFKA3KLIKGRTPIKFGKADCDRPPKHSQNGMGK,5.081383723
GRPRESGKKRKRKRLKP2SDGTLAVPFKA3PLSSIFSRIGDP,3.557488502
GRPRESGKKRKRKRLKP2SDGTLAVPFKA3KLALKALKALKAALKLA,10.15276945
GRPRESGKKRKRKRLKP2SDGTLAVPFKA3RRWWRRWRR,13.23955209
GRPRESGKKRKRKRLKP2SDGTLAVPFKA3LKTLTETLKELTKTLTEL,2.662467506
GRPRESGKKRKRKRLKP2SDGTLAVPFKA3VRLPPPVRLPPPVRLPPP,3.178364327
GRPRESGKKRKRKRLKP2SDGTLAVPFKA3FKIYDKKVRTRVVKH,3.430513897
GRPRESGKKRKRKRLKP2SDGTLAVPFKA3KGTYKKKLMRIPLKGT,5.734853029
GRPRESGKKRKRKRLKP2SDGTLAVPFKA3LYKKGPAKKGRPPLRGWFH,6.588082384
GRPRESGKKRKRKRLKP2SDGTLAVPFKA3IAWVKAFIRKLRKGPLG,5.022795441
GRPRESGKKRKRKRLKP2SDGTLAVPFKA3GSPWGLQHHPPRT,4.313137373
GRPRESGKKRKRKRLKP2SDGTLAVPFKA3RQVTIWSQNRRVKSKK,8.126774645
GRPRESGKKRKRKRLKP2SDGTLAVPFKA3VSALK,4.277344531
GRPRESGKKRKRKRLKP2SDGTLAVPFKA3PPRPPRPPR,5.463507299
GRPRESGKKRKRKRLKP2SDGTLAVPFKA3PPRPPRPPRPPR,6.379124175
GRPRESGKKRKRKRLKP2SDGTLAVPFKA3RLRWR,7.177164567
GRPRESGKKRKRKRLKP2SDGTLAVPFKA3GAYDLRRRERQSRLRRRERQSR,7.089382124
GRPRESGKKRKRKRLKP2SDGTLAVPFKA3RKKRRQRRR,16.11817636
GRPRESGKKRKRKRLKP2SDGTLAVPFKA3RQIKIWFQNRRMKWKK,6.379324135
GRPRESGKKRKRKRLKP2SDGTLAVPFKA3RRRRRRRRR,15.36172765
GRPRESGKKRKRKRLKP2SDGTLAVPFKA3RSVTIWFQSRRVKEKK,4.631473705
GRPRESGKKRKRKRLKP2SDGTLAVPFKA3KRVKAGYLLGKINLKALAALAKKIL,8.899020196
GRPRESGKKRKRKRLKP2SDGTLAVPFKA3AGYLLGKINLKALAALAKKILKRVK,8.132973405
GRPRESGKKRKRKRLKP2SDGTLAVPFKA3PKKKRKVAGYLLGKINLKALAALAKKIL,9.144571086
RRRRRRRRRRRR,10.4
GLAFLGFLGAAGSTMGAWSQPKKKRKV,7.5
RRIRPRPPRLPRPRPRPLPFPRPG,6.1
RKKRRQRRR,6
RRRRRRRRRR,5.8
GRPRESGKKRKRKRLKP,5.4
ALWKTLLKKVLKAPKKKRKV,5.2
RRIPNRRPRR,4.9
TRRQRTRRARRNR,4.7
HARIKPTFRRLKWKYKGKFW,4.6
GIGAVLKVLTTGLPALISWIKRKRQQ,4.5
LRRERQSRLRRERQSR,4.3
RRRRRRRRR,4.2
RQIKIWFQNRRMKWKK,4.2
KRARNTEAARRSRARKLQRMKQ,4.2
RHIKIWFQN RRM KWKK,4.1
RRRRRRRR,4
KMTRAQRRAAARRNRWTAR,3.9
RGGRLSYSRRRFSTSTGR,3.9
KQINNWFINQRKRHWK,3.8
KLWMRWYSPTTRRYG,3.7
RRWWRRWRR,3.5
SQIKIWFQN KRAKIKK,3.4
GAYDLRRRERQSRLRRRERQSR,3.3
TRRNKRNRIQEQLNRK,3.3
GKRKKKGKLGKKRDP,3.2
RQVTIWFQNRRVKEKK,3.1
RLRWR,2.9
PPRPPRPPRPPRPPR,2.7
CAYHRLRRC,2.6
SRRARRSPRHLGSG,2.5
PPRPPRPPRPPR,2.4
NAKTRRHERRRKLAIER,2.4
VKRGLKLRHVRPRVTRMDV,2.4
LYKKGPAKKGRPPLRGWFH,2.2
TAKTRYKARRAELIAERR,2.1
KGTYKKKLMRIPLKGT,2.1
PPRPPRPPR,1.9
RASKRDGSWVKKLHRILE,1.9
TRSSRAGLQWPVGRVHRLLRK,1.9
FKIYDKKVRTRVVKH,1.7
VRLPPPVRLPPPVRLPPP,1.7
GPFHFYQFLFPPV,1.7
PLILLRLLRGQF,1.7
YTAIAWVKAFIRKLRK,1.5
KETWWETWWTEWSQ PKKRKV,1.4
LIRLWSHLIHIWFQNRRLKWKKK,1.4
VDKGSYLPRPTPPRPIYNRN,1.4
MDAQTRRRERRAEKQAQWKAAN,1.4
GSPWGLQHHPPRT,1.3
KLALKALKALKAALKLA,1.3
IPALK,1.3
VPALR,1.3
LLIILRRRIRKQAHAHSK,1.2
IAWVKAFIRKLRKGPLG,1.2
AAVLLPVLLAAPVQRKRQKLP,1.2
TSPLNIHNGQKL,1.2
VPTLK,1.2
VSALK,1.1
DPKGDPKGVTVTVTVTVTGKGDPKPD,0.8
AGYLLGKINLKALAALAKKIL,0.8
VELPPPVELPPPVELPPP,0.8
GLWRALWRLLRSLWRLLWRA,0.6
PLSSIFSRIGDP,0.6